,Rank,City,Cost of Living Index,Rent Index,Cost of Living Plus Rent Index,Groceries Index,Restaurant Price Index,Local Purchasing Power Index,Continent
0,,"Hamilton, Bermuda",145.43,110.87,128.76,143.47,158.75,112.26,North America
1,,"Zurich, Switzerland",141.25,66.14,105.03,149.86,135.76,142.7,Europe
2,,"Geneva, Switzerland",134.83,71.7,104.38,138.98,129.74,130.96,Europe
3,,"Basel, Switzerland",130.68,49.68,91.61,127.54,127.22,139.01,Europe
4,,"Bern, Switzerland",128.03,43.57,87.3,132.7,119.48,112.71,Europe
5,,"Lausanne, Switzerland",127.50,52.32,91.24,126.59,132.12,127.95,Europe
6,,"Reykjavik, Iceland",123.78,57.25,91.7,118.15,133.19,88.95,Europe
7,,"Stavanger, Norway",118.61,39.83,80.61,106.09,143.54,118.14,Europe
8,,"Lugano, Switzerland",118.24,52.91,86.73,117.74,122.3,119.86,Europe
9,,"Oslo, Norway",117.23,49.28,84.46,112.42,124.09,102.94,Europe
10,,"Trondheim, Norway",114.22,42.39,79.58,103.5,134.76,108.29,Europe
11,,"Bergen, Norway",112.31,40.3,77.58,101.79,119.61,99.29,Europe
12,,"Kyoto, Japan",100.33,24.58,63.8,118.44,54.59,77.92,Asia
13,,"New York, NY, United States",100.00,100,100,100,100,100,North America
14,,"Nassau, Bahamas",099.73,40.45,71.14,85.34,104.17,58.69,North America
15,,"San Francisco, CA, United States",097.84,115.36,106.29,107.52,91.06,92.96,North America
16,,"Copenhagen, Denmark",097.62,50.66,74.97,77.53,121.23,113.31,Europe
17,,"Luxembourg, Luxembourg",095.37,61.59,79.08,82.71,109.61,127.42,Europe
18,,"Anchorage, AK, United States",094.99,40.12,68.53,101.18,84.55,124.92,North America
19,,"Honolulu, HI, United States",094.15,62.82,79.04,104.69,82.86,103.08,North America
20,,"Tokyo, Japan",093.81,37.07,66.45,99.67,58.93,106.42,Asia
21,,"Brooklyn, NY, United States",093.79,76.24,85.33,92.73,100.58,87.04,North America
22,,"Paris, France",092.87,50.3,72.34,87.29,91.77,97.62,Europe
23,,"Limerick, Ireland",092.73,27.71,61.37,87.15,82.93,93.93,Europe
24,,"Rockville, MD, United States",092.66,64,78.84,87.76,74.74,130.79,North America
25,,"Bloomington, IN, United States",092.14,33.64,63.93,112.83,75.43,96.92,North America
26,,"Washington, DC, United States",091.94,73.3,82.95,92.74,85,120.62,North America
27,,"Arhus, Denmark",091.90,34.82,64.37,71.5,102.82,109.47,Europe
28,,"Singapore, Singapore",091.40,71.89,81.99,83.64,64.4,95.89,Asia
29,,"Aalborg, Denmark",091.17,26.81,60.13,73.79,101.14,106.35,Europe
30,,"Stockholm, Sweden",090.85,45.27,68.87,84.06,93.71,108.2,Europe
31,,"Sydney, Australia",090.77,68.43,80,85.02,77.09,118.81,Oceania
32,,"Montpellier, France",090.63,24.95,58.95,86.93,75.13,74.25,Europe
33,,"Tel Aviv-Yafo, Israel",090.36,51.55,71.65,76.9,97.21,101.36,Asia
34,,"Santa Rosa, CA, United States",090.23,58.13,74.75,92.05,78.34,106.77,North America
35,,"Dublin, Ireland",089.92,62.13,76.52,73.62,95.64,88.11,Europe
36,,"Jerusalem, Israel",089.62,38.43,64.93,74.2,96.35,84.17,Asia
37,,"Linz, Austria",089.33,29.43,60.44,84.03,88.05,95.13,Europe
38,,"Arlington, VA, United States",089.20,61.85,76.01,88.51,82.63,120.53,North America
39,,"Amsterdam, Netherlands",089.14,58.22,74.23,70.13,95.2,101.7,Europe
40,,"Bellevue, WA, United States",088.85,66.67,78.15,88.43,80.99,73.46,North America
41,,"London, United Kingdom",088.69,76.67,82.89,67.36,96.36,92.61,Europe
42,,"Antwerp, Belgium",088.20,28.06,59.19,79.12,101.67,90.18,Europe
43,,"Hamilton, New Zealand",088.09,26.98,58.62,81.69,84.97,128.21,Oceania
44,,"Seattle, WA, United States",088.04,64.41,76.64,89.85,83.22,144.6,North America
45,,"Berkeley, CA, United States",087.82,78.69,83.42,97.88,78.29,115.84,North America
46,,"Helsinki, Finland",087.77,40.52,64.98,73.82,96.5,113.87,Europe
47,,"Grenoble, France",087.73,25.07,57.51,88.71,79.04,115.7,Europe
48,,"Seoul, South Korea",087.56,37.17,63.26,107.06,50.88,107.52,Asia
49,,"Tampere, Finland",087.20,28.89,59.08,73.89,96.76,111.28,Europe
50,,"Boston, MA, United States",087.05,78.72,83.03,88.99,86.2,101.35,North America
51,,"Auckland, New Zealand",086.93,46.95,67.65,79.21,72.26,99.37,Oceania
52,,"Florence, Italy",086.90,31.81,60.34,76.28,87.67,66.09,Europe
53,,"Nice, France",086.69,31.64,60.14,78.82,98.75,107.04,Europe
54,,"Milton Keynes, United Kingdom",086.28,37.34,62.68,85.31,81.71,90.17,Europe
55,,"Perth, Australia",086.24,40.5,64.18,80.79,90.63,130.38,Oceania
56,,"Charleston, SC, United States",086.19,45.99,66.8,98.41,71.87,115.41,North America
57,,"Adelaide, Australia",086.02,36.56,62.17,82.05,81.67,113.86,Oceania
58,,"Miami, FL, United States",086.01,63.2,75.01,87.37,95.81,97.81,North America
59,,"Bath, United Kingdom",085.79,37.62,62.56,78.47,83.51,117.98,Europe
60,,"Reading, United Kingdom",085.56,40.91,64.03,71.32,95.36,130.18,Europe
61,,"Leuven, Belgium",085.31,29.48,58.38,79.81,86.88,92.44,Europe
62,,"Gent, Belgium",085.16,26.92,57.07,72.2,94.01,96.27,Europe
63,,"Melbourne, Australia",085.15,44.81,65.7,82.11,77.29,127.15,Oceania
64,,"Oakland, CA, United States",085.11,79.57,82.44,88.65,81.38,97.94,North America
65,,"Milan, Italy",085.10,43.65,65.11,75.56,92.27,71.94,Europe
66,,"Genoa, Italy",085.04,21.49,54.39,74.03,83.87,71.66,Europe
67,,"Darwin, Australia",084.98,46.52,66.43,82.29,91.79,118.09,Oceania
68,,"Cairns, Australia",084.98,30.59,58.75,84.5,74.96,118.05,Oceania
69,,"The Hague (Den Haag), Netherlands",084.97,35.55,61.14,70.25,89.11,106.25,Europe
70,,"Munich, Germany",084.78,46.46,66.3,72.97,82.46,118.19,Europe
71,,"Lyon, France",084.47,28.04,57.26,77.74,79.13,101.17,Europe
72,,"Gothenburg, Sweden",084.38,30.46,58.38,77.45,91.06,112.1,Europe
73,,"New Haven, CT, United States",084.13,47.53,66.48,92.86,86.18,127.41,North America
74,,"Irvine, CA, United States",083.73,66.26,75.3,89.49,76.5,139.48,North America
75,,"Brussels, Belgium",083.65,35.76,60.55,72.55,96.1,104.35,Europe
76,,"Philadelphia, PA, United States",083.46,48.09,66.4,82.24,79.37,116.06,North America
77,,"Utrecht, Netherlands",083.34,40.23,62.55,68.39,97.89,105.9,Europe
78,,"Aberdeen, United Kingdom",083.18,32.13,58.56,67.23,99.29,115.94,Europe
79,,"Cambridge, United Kingdom",082.96,47.33,65.78,67.22,95.67,105.39,Europe
80,,"Cork, Ireland",082.89,39.97,62.19,67.32,91.87,105.57,Europe
81,,"Hobart, Australia",082.88,31.46,58.08,81.1,88.26,99.4,Oceania
82,,"San Jose, CA, United States",082.87,81.81,82.36,85.4,83.12,134.82,North America
83,,"Toulouse, France",082.85,24.97,54.94,77.86,82.38,113.77,Europe
84,,"Ramat Gan, Israel",082.84,36.93,60.7,67.32,89.36,112.25,Asia
85,,"Rotterdam, Netherlands",082.64,35.28,59.8,63.02,94.81,102.03,Europe
86,,"Tacoma, WA, United States",082.54,36.82,60.49,88.02,72.46,125.1,North America
87,,"Dusseldorf, Germany",082.48,36.34,60.23,65.69,74.97,114.5,Europe
88,,"Los Angeles, CA, United States",082.30,68.75,75.77,82.73,82.48,109.01,North America
89,,"Boulder, CO, United States",082.19,53.8,68.5,86.22,74.92,143.02,North America
90,,"St. John's, NL, Canada",082.18,22.48,53.39,86.39,79.73,98.06,North America
91,,"Turku, Finland",082.18,25.55,54.87,69.79,88.89,125.14,Europe
92,,"Brisbane, Australia",082.17,43.31,63.43,75.42,81.39,130.41,Oceania
93,,"Halifax, Canada",082.03,29.33,56.61,88.57,75.91,95.7,North America
94,,"Thunder Bay, Canada",081.98,26.2,55.08,77.76,74.63,84.87,North America
95,,"Haifa, Israel",081.81,20.68,52.33,66.6,91.38,120.61,Asia
96,,"Padova, Italy",081.77,23.89,53.85,67.49,78.91,77.42,Europe
97,,"Frankfurt, Germany",081.65,37.59,60.4,66.85,81.18,142.76,Europe
98,,"Portland, ME, United States",081.60,40.73,61.89,86.96,88.58,113.69,North America
99,,"Minneapolis, MN, United States",081.46,45.65,64.19,87.48,75.88,131.08,North America
100,,"Norfolk, VA, United States",081.36,43.59,63.14,90.06,81.31,64.42,North America
101,,"Saskatoon, Canada",081.02,29.7,56.27,82.39,72.78,99.63,North America
102,,"Canberra, Australia",080.90,45.03,63.6,77.06,79.23,139.38,Oceania
103,,"Wellington, New Zealand",080.87,40.42,61.36,77.17,72.02,118.59,Oceania
104,,"Hartford, CT, United States",080.86,42.15,62.19,78.41,86.26,101.57,North America
105,,"Queens, NY, United States",080.77,64.73,73.04,74.39,87.27,113.4,North America
106,,"Hamburg, Germany",080.75,33.61,58.02,64.85,77.19,116.06,Europe
107,,"Parma, Italy",080.69,25.04,53.85,71.96,87.4,84.79,Europe
108,,"Maastricht, Netherlands",080.69,33.35,57.86,70.13,81.68,105.35,Europe
109,,"Graz, Austria",080.59,24.94,53.75,78.18,65.21,106.41,Europe
110,,"Christchurch, New Zealand",080.51,30.13,56.21,75.7,78.95,90.4,Oceania
111,,"Galway, Ireland",080.22,34.58,58.21,70.9,81.75,100.11,Europe
112,,"Albany, NY, United States",080.19,30.82,56.38,83.35,71.86,139.34,North America
113,,"Chicago, IL, United States",080.16,56.71,68.85,79.14,77.99,119.17,North America
114,,"Portsmouth, United Kingdom",080.05,32.23,56.99,62.19,89.21,94.57,Europe
115,,"Jersey City, NJ, United States",079.91,66,73.2,79.5,85.95,130.99,North America
116,,"Malmo, Sweden",079.79,28.57,55.09,73.61,87.62,120.92,Europe
117,,"Uppsala, Sweden",079.70,28.42,54.97,70.45,87.61,119.75,Europe
118,,"Lund, Sweden",079.39,27.07,54.16,75.3,80.06,122.8,Europe
119,,"Oxford, United Kingdom",079.37,53.29,66.79,62.18,81.92,86.68,Europe
120,,"Olympia, WA, United States",079.25,36.06,58.42,77.18,78.7,125.04,North America
121,,"Edinburgh, United Kingdom",079.20,34.6,57.69,69.3,89.29,104.25,Europe
122,,"Barrie, Canada",079.18,28.03,54.51,79.85,76.95,127.57,North America
123,,"Santa Barbara, CA, United States",079.17,71.45,75.45,76.47,87.43,134.38,North America
124,,"Bologna, Italy",079.04,26.08,53.5,70.14,85.23,76.44,Europe
125,,"Eugene, OR, United States",078.94,31.38,56,91.86,69.07,109.06,North America
126,,"Sliema, Malta",078.94,36.17,58.32,69.3,89.2,74.89,Europe
127,,"Burlington, VT, United States",078.89,41.89,61.05,82.04,79.41,101.19,North America
128,,"Rome, Italy",078.80,40.24,60.2,68.34,85.32,72.78,Europe
129,,"Sacramento, CA, United States",078.75,43.34,61.67,80.02,74.2,135.14,North America
130,,"Eindhoven, Netherlands",078.72,35.2,57.73,63.05,88.51,119.87,Europe
131,,"Hong Kong, Hong Kong",078.72,79.54,79.12,83.47,56.17,82.86,Asia
132,,"Pittsburgh, PA, United States",078.66,39.02,59.54,76.56,70.89,133.38,North America
133,,"Vienna, Austria",078.64,35.04,57.61,73.8,73.39,98.88,Europe
134,,"Osaka, Japan",078.50,23.88,52.16,79.2,45.06,109.62,Asia
135,,"Portland, OR, United States",078.45,51.72,65.56,79.56,68.4,125.57,North America
136,,"Saint Paul, MN, United States",078.37,40.38,60.05,81.15,74.68,97.64,North America
137,,"Lille, France",078.34,24.7,52.47,65.77,74.43,89.56,Europe
138,,"Long Beach, CA, United States",078.23,54.98,67.01,82.77,76.98,127.25,North America
139,,"York, United Kingdom",077.98,29.69,54.69,68.51,85.11,110.55,Europe
140,,"Trieste, Italy",077.97,21.54,50.76,72.67,80.97,90.05,Europe
141,,"Brampton, Canada",077.90,29.01,54.32,83.61,64.25,103.74,North America
142,,"Bristol, United Kingdom",077.83,40.01,59.59,63.13,92.62,108.18,Europe
143,,"Bergamo, Italy",077.71,22.05,50.87,64.43,91.76,89.37,Europe
144,,"Fort Lauderdale, FL, United States",077.67,51.63,65.11,79.05,77.85,104.35,North America
145,,"Everett, WA, United States",077.63,42.48,60.68,84.84,70.29,113.75,North America
146,,"Asheville, NC, United States",077.36,37.85,58.31,84.94,72.18,111.73,North America
147,,"Denver, CO, United States",077.31,54,66.07,77.48,79.43,130.1,North America
148,,"Heidelberg, Germany",077.30,37.21,57.96,61.01,75.28,133.23,Europe
149,,"Manchester, United Kingdom",077.15,30.87,54.83,63.07,85.92,98.91,Europe
150,,"Bellingham, WA, United States",077.13,34.7,56.67,79.09,77.88,131.14,North America
151,,"Newcastle, Australia",077.12,43.45,60.88,76.5,84.01,134.62,Oceania
152,,"Melbourne, FL, United States",077.09,29.38,54.08,85.53,77.04,128.34,North America
153,,"San Diego, CA, United States",077.01,61.91,69.73,75.09,82.09,142.72,North America
154,,"Mannheim, Germany",076.97,27.25,52.99,61.07,73.5,156.77,Europe
155,,"Groningen, Netherlands",076.64,30.91,54.59,66.99,87.82,105.46,Europe
156,,"New Orleans, LA, United States",076.64,40.21,59.07,75.15,84,116.56,North America
157,,"Orlando, FL, United States",076.63,37.35,57.68,82.77,69.38,129.02,North America
158,,"Baltimore, MD, United States",076.57,45.03,61.36,73.92,80.16,116.79,North America
159,,"Tampa, FL, United States",076.53,42.09,59.92,80.64,80.21,144.43,North America
160,,"West Palm Beach, FL, United States",076.52,43.11,60.41,79.59,78.92,124.36,North America
161,,"Calgary, Canada",076.44,31.37,54.7,72.97,75.23,146.39,North America
162,,"Brighton, United Kingdom",076.40,44.89,61.21,58.61,86.71,83.51,Europe
163,,"Red Deer, Canada",076.15,25.51,51.73,69.85,74.21,136.55,North America
164,,"Edmonton, Canada",076.01,31.61,54.6,74.26,73.66,131.93,North America
165,,"Nottingham, United Kingdom",075.98,24.8,51.3,65.92,75.29,107.61,Europe
166,,"Karlsruhe, Germany",075.80,23.89,50.76,57.26,80.6,136.82,Europe
167,,"Coventry, United Kingdom",075.72,26.45,51.96,64.04,71.27,133.86,Europe
168,,"Vancouver, Canada",075.59,53.5,64.94,78.26,70.12,96.77,North America
169,,"Victoria, Canada",075.47,40,58.36,79.13,70.56,112.52,North America
170,,"Colorado Springs, CO, United States",075.42,31.21,54.1,72.93,76.48,150.89,North America
171,,"Norwich, United Kingdom",075.40,25.34,51.26,58.53,81.1,89.95,Europe
172,,"Charlotte, NC, United States",075.35,40.62,58.6,79.4,73.87,112.72,North America
173,,"Plano, TX, United States",075.32,40.02,58.3,73.93,63.49,101.69,North America
174,,"Toronto, Canada",075.22,46.94,61.58,70.65,71.58,106.83,North America
175,,"Atlanta, GA, United States",074.97,45.83,60.92,75,74.81,153.77,North America
176,,"Turin, Italy",074.94,23.25,50.01,61.62,76.26,85.62,Europe
177,,"Leeds, United Kingdom",074.92,30.31,53.41,61.69,91.99,109.59,Europe
178,,"Fayetteville, AR, United States",074.90,24.85,50.76,81.39,69.15,104.92,North America
179,,"Gold Coast, Australia",074.89,38.76,57.46,74.88,72.35,124.98,Oceania
180,,"Kelowna, Canada",074.78,34.84,55.52,77.54,68.9,109.75,North America
181,,"Indianapolis, IN, United States",074.72,35.67,55.89,73.92,74.26,94.22,North America
182,,"Birmingham, AL, United States",074.64,31.36,53.77,76.12,74.13,134.55,North America
183,,"Stuttgart, Germany",074.53,34.86,55.4,55.57,72.07,134.02,Europe
184,,"Berlin, Germany",074.32,33.54,54.65,60.74,65.57,114.09,Europe
185,,"Burlington, Canada",074.32,34.2,54.97,68.68,82.63,137.47,North America
186,,"Sheffield, United Kingdom",074.31,25.05,50.55,56.87,84.47,110.96,Europe
187,,"Glasgow, United Kingdom",074.30,28.12,52.03,61.85,79.52,124.11,Europe
188,,"Augusta, GA, United States",074.29,22.45,49.29,82.42,62.66,100.38,North America
189,,"Greensboro, NC, United States",074.10,26.05,50.93,80.28,62.04,141.87,North America
190,,"Greenville, SC, United States",074.08,36.03,55.73,83.74,67.18,127.49,North America
191,,"Palma De Mallorca, Spain",074.08,24.4,50.12,62.9,71.61,80.26,Europe
192,,"Cologne, Germany",074.02,29.75,52.67,55.97,73.95,131.06,Europe
193,,"Bonn, Germany",073.61,29.24,52.21,55,70.68,118.12,Europe
194,,"Jacksonville, FL, United States",073.58,32.27,53.66,77.14,73.25,117.13,North America
195,,"Fort Collins, CO, United States",073.57,42.07,58.38,81.45,61.31,73.23,North America
196,,"Cleveland, OH, United States",073.47,28.35,51.71,67.52,74.7,146.27,North America
197,,"Bremen, Germany",073.41,22.22,48.72,59.15,70.25,131.14,Europe
198,,"Milwaukee, WI, United States",073.37,35.5,55.11,71.9,71.59,139.23,North America
199,,"Bilbao, Spain",073.30,30.28,52.55,65.27,75.33,92.96,Europe
200,,"Saint Petersburg, FL, United States",073.29,41.01,57.72,72.82,75.33,145.31,North America
201,,"Exeter, United Kingdom",073.17,31.86,53.24,58.28,82.78,86.66,Europe
202,,"Memphis, TN, United States",072.95,27.52,51.04,73.96,70.71,154.91,North America
203,,"Guelph, Canada",072.93,28.86,51.68,68.86,80.08,114.41,North America
204,,"Syracuse, NY, United States",072.88,30.77,52.57,72.26,67.76,103.63,North America
205,,"Waterloo, Canada",072.86,29.64,52.01,70.36,70.2,120.38,North America
206,,"Regina, Canada",072.85,28.93,51.67,73.25,66.3,109.12,North America
207,,"Newark, NJ, United States",072.68,40.31,57.07,66.47,77.87,94.1,North America
208,,"Akron, OH, United States",072.65,21.57,48.02,77.33,63.79,99.21,North America
209,,"Dubai, United Arab Emirates",072.58,66.88,69.83,61.71,67.23,123.71,Asia
210,,"Nuremberg, Germany",072.57,25.08,49.67,55.83,71.58,127.52,Europe
211,,"Mississauga, Canada",072.54,36.65,55.23,68.46,67.15,106.67,North America
212,,"Austin, TX, United States",072.46,49.8,61.53,73.02,75.56,140.39,North America
213,,"Leipzig, Germany",072.40,20.19,47.22,54.51,64.82,91.69,Europe
214,,"Taipei, Taiwan",072.39,21.61,47.9,87.57,34.77,104.9,Asia
215,,"Fresno, CA, United States",072.36,30.94,52.38,72.51,75.89,110.71,North America
216,,"Buffalo, NY, United States",072.15,28.94,51.31,69.14,72.72,120.23,North America
217,,"Shreveport, LA, United States",072.07,25.24,49.48,78.42,64.04,76.03,North America
218,,"Windsor, Canada",072.00,21.38,47.59,63.4,67.16,118.85,North America
219,,"Nanaimo, BC, Canada",071.90,25.11,49.33,78.03,63.87,99.07,North America
220,,"Nashville, TN, United States",071.88,47.73,60.23,74.28,69.38,125.4,North America
221,,"Aachen, Germany",071.81,24.48,48.99,57.78,64.67,128.79,Europe
222,,"Moncton, Canada",071.79,18.63,46.15,70.92,66.98,88.06,North America
223,,"Birmingham, United Kingdom",071.60,29.57,51.33,57.06,79.83,106.25,Europe
224,,"Cardiff, United Kingdom",071.52,28.32,50.69,65.68,72.66,109.78,Europe
225,,"Southampton, United Kingdom",071.48,33.09,52.97,58.97,76,116.26,Europe
226,,"Manchester, NH, United States",071.46,33.61,53.2,76.26,72.86,124.75,North America
227,,"Raleigh, NC, United States",071.40,37.42,55.02,78.32,70.58,131.99,North America
228,,"Little Rock, AR, United States",071.29,24.83,48.89,77.24,64.98,132.31,North America
229,,"Dresden, Germany",071.22,22.95,47.94,56.07,59.77,105.93,Europe
230,,"Winnipeg, Canada",071.22,24.91,48.89,69.49,67.33,114.61,North America
231,,"Quebec City, Canada",071.21,17.97,45.53,71.69,65.29,118.31,North America
232,,"Naples, Italy",071.14,19.85,46.41,66.45,63.1,59.99,Europe
233,,"Richmond, VA, United States",070.98,36.18,54.2,77.66,65.74,133.08,North America
234,,"Las Vegas, NV, United States",070.97,29.98,51.2,66.54,74.53,148.81,North America
235,,"Saint Louis, MO, United States",070.76,30.11,51.15,71.33,68.14,144.7,North America
236,,"Grand Rapids, MI, United States",070.58,32.95,52.43,69.69,70.77,143.87,North America
237,,"Rochester, NY, United States",070.52,30.31,51.13,72.96,74.66,158.71,North America
238,,"Houston, TX, United States",070.37,44.1,57.7,71.01,71.15,145.38,North America
239,,"Detroit, MI, United States",070.20,35.48,53.45,67.02,59.3,131.62,North America
240,,"Darmstadt, Germany",070.17,30.69,51.13,53.91,66.6,145.86,Europe
241,,"Ann Arbor, MI, United States",070.01,45.26,58.07,69.31,62.97,163.57,North America
242,,"Ottawa, Canada",069.91,31.76,51.51,64.16,71.95,145.32,North America
243,,"Harrisburg, PA, United States",069.91,27.78,49.59,72.58,66.41,140.56,North America
244,,"Newcastle Upon Tyne, United Kingdom",069.91,25.69,48.58,54.05,78.46,127.4,Europe
245,,"Salem, OR, United States",069.81,32,51.58,70.61,68.39,106.58,North America
246,,"Dayton, OH, United States",069.76,21.96,46.71,73.53,62.38,114.2,North America
247,,"Barcelona, Spain",069.75,33.71,52.37,59.29,65.07,77.27,Europe
248,,"Columbia, SC, United States",069.70,29.48,50.3,75.37,65.65,92.47,North America
249,,"Marseille, France",069.66,23.92,47.6,61.91,69.58,104.22,Europe
250,,"Liverpool, United Kingdom",069.53,24.96,48.04,52.24,78.55,116.18,Europe
251,,"Hanover, Germany",069.47,22.04,46.59,58.88,64.04,160.86,Europe
252,,"Fort Wayne, IN, United States",069.42,21.43,46.28,74.49,69.24,129.87,North America
253,,"London, Canada",069.39,24.58,47.78,65.97,66.17,105.79,North America
254,,"Des Moines, IA, United States",069.37,31.23,50.97,73.45,63.64,125.85,North America
255,,"Virginia Beach, VA, United States",069.33,37.42,53.94,68.92,71.08,151.73,North America
256,,"Spokane, WA, United States",069.26,26.97,48.86,70.06,64.46,135.55,North America
257,,"Bakersfield, CA, United States",069.20,29.09,49.86,71.91,64.38,120.54,North America
258,,"Montreal, Canada",069.18,26.68,48.69,68.65,67.17,120.29,North America
259,,"Gatineau, Canada",069.17,19.72,45.32,69.98,64.66,142.51,North America
260,,"Columbus, OH, United States",069.13,35.51,52.92,66.96,62.16,125.47,North America
261,,"Cincinnati, OH, United States",069.13,31.11,50.79,61.6,70.4,136.92,North America
262,,"Kansas City, MO, United States",069.05,29.33,49.89,68.17,63.04,135.76,North America
263,,"Belfast, United Kingdom",068.77,23.7,47.04,61.07,79.19,103.27,Europe
264,,"San Juan, Puerto Rico",068.77,26.09,48.18,66.18,57.67,116.19,North America
265,,"Derby, United Kingdom",068.68,21.48,45.92,58.52,71.55,110.83,Europe
266,,"Lincoln, NE, United States",068.61,28.38,49.21,71.56,62.02,124.13,North America
267,,"Malta, Malta",068.44,26.6,48.26,54.11,69,72.13,Europe
268,,"Fort Myers, FL, United States",068.06,31.9,50.62,71.88,62.43,86.87,North America
269,,"Lexington, KY, United States",067.90,25.51,47.45,69.03,62.48,130.77,North America
270,,"Fort Worth, TX, United States",067.81,35.29,52.12,66.57,65.5,142.22,North America
271,,"Omaha, NE, United States",067.80,30.43,49.78,69.41,62.64,134.51,North America
272,,"Vancouver, WA, United States",067.79,34.12,51.55,61.12,67.28,127.95,North America
273,,"Madrid, Spain",067.63,33.41,51.13,56.59,70.41,96.36,Europe
274,,"Surrey, Canada",067.37,33.36,50.97,65.23,61.6,93.78,North America
275,,"Montevideo, Uruguay",067.18,21.14,44.97,54.33,70.89,35.71,South America
276,,"Wichita, KS, United States",067.02,24.63,46.58,67.02,68.1,118.39,North America
277,,"Lubbock, TX, United States",066.90,24.63,46.52,61.64,68.94,133.25,North America
278,,"Chattanooga, TN, United States",066.89,27.77,48.02,67.8,62.68,145.27,North America
279,,"Phoenix, AZ, United States",066.87,33.32,50.69,62.4,71.42,139.29,North America
280,,"Sioux Falls, SD, United States",066.85,25.7,47,69.13,56.18,168.93,North America
281,,"Salt Lake City, UT, United States",066.76,34.91,51.4,64.48,68.75,148.6,North America
282,,"Tulsa, OK, United States",066.71,28.61,48.34,67.6,62.03,123.2,North America
283,,"Durham, NC, United States",066.44,35.54,51.54,64.75,67.79,146.95,North America
284,,"Springfield, MO, United States",066.40,18.79,43.44,73.6,63.28,77.68,North America
285,,"Winston-salem, NC, United States",066.27,24.96,46.34,71.92,69.63,117.44,North America
286,,"Nicosia, Cyprus",066.23,17.22,42.59,53.67,78.46,90.59,Asia
287,,"Doha, Qatar",066.12,66.84,66.46,57.95,65.81,120.86,Asia
288,,"Taichung, Taiwan",065.98,13,40.43,84.29,29.75,66.76,Asia
289,,"Dallas, TX, United States",065.94,42.64,54.7,61.95,67.11,162.37,North America
290,,"Albuquerque, NM, United States",065.73,25.5,46.33,68.04,64.58,123.57,North America
291,,"Arlington, TX, United States",065.63,30.04,48.47,62.02,63.87,152.9,North America
292,,"Madison, WI, United States",065.60,36.95,51.78,62.5,66.34,144.83,North America
293,,"Ljubljana, Slovenia",065.47,20.62,43.84,54.76,57.7,74.7,Europe
294,,"Zaragoza (Saragossa), Spain",065.40,15.21,41.2,54.76,60.66,77.87,Europe
295,,"Mobile, AL, United States",065.31,24.63,45.69,67.4,64.09,122.2,North America
296,,"Hamilton, Canada",065.26,27.6,47.1,60.77,65.83,122.71,North America
297,,"Louisville, KY, United States",065.14,28.33,47.39,65.76,65.91,127.21,North America
298,,"Beirut, Lebanon",065.03,34.98,50.54,47.46,66.58,52.68,Asia
299,,"Abu Dhabi, United Arab Emirates",064.97,64.25,64.62,54.3,65.93,131.24,Asia
300,,"Thessaloniki, Greece",064.94,11.57,39.2,52.32,61.77,48.72,Europe
301,,"Pensacola, FL, United States",064.88,28.72,47.44,62.12,64.75,128.73,North America
302,,"Athens, Greece",064.67,13.97,40.22,51.34,64.82,52.86,Europe
303,,"Oklahoma City, OK, United States",064.29,26.54,46.09,66.52,58.15,142.4,North America
304,,"Kitchener, Canada",063.90,27.36,46.28,58.85,59.89,124.25,North America
305,,"Limassol, Cyprus",063.52,24.22,44.57,52.24,66.53,93.12,Asia
306,,"Huntsville, AL, United States",063.34,27.45,46.03,64.13,63.83,152.26,North America
307,,"Tucson, AZ, United States",063.00,23.8,44.1,61.12,63.64,138.07,North America
308,,"Reno, NV, United States",062.88,35.99,49.92,58.04,64.1,136.4,North America
309,,"Havana, Cuba",062.74,12.01,38.27,41.43,28.23,1.88,North America
310,,"Boise, ID, United States",062.65,28.91,46.37,58.7,65.39,130.86,North America
311,,"Knoxville, TN, United States",062.18,29.77,46.55,60.36,64.67,128.69,North America
312,,"Accra, Ghana",061.93,32.3,47.64,60.07,40.1,14.07,Africa
313,,"College Station, TX, United States",061.85,32.7,47.79,68.95,57.12,118.7,North America
314,,"Martin, Slovakia",061.04,20.8,41.63,56.66,51.89,44.36,Europe
315,,"San Antonio, TX, United States",060.92,34.5,48.18,58.17,60.96,154.92,North America
316,,"Athens, GA, United States",060.55,26.67,44.21,57.85,59.58,110.52,North America
317,,"Tallinn, Estonia",060.51,17.66,39.84,45.31,61.04,74.02,Europe
318,,"San Jose, Costa Rica",060.46,19.28,40.6,60.98,49.47,48.89,North America
319,,"Valencia, Spain",060.33,20.61,41.17,50.92,56.84,90.71,Europe
320,,"Kaohsiung, Taiwan",060.22,10.41,36.2,71.17,26.25,127.49,Asia
321,,"Sevilla, Spain",060.16,21.15,41.35,52.11,58.14,81.43,Europe
322,,"Larnaca, Cyprus",059.97,11.36,36.53,49.72,66.8,83.19,Asia
323,,"Sharjah, United Arab Emirates",059.38,29.86,45.15,50.37,43.99,123.32,Asia
324,,"Split, Croatia",059.05,13.74,37.2,50.46,55.16,53.22,Europe
325,,"Manama, Bahrain",059.00,30.65,45.33,57.63,54.83,67.56,Asia
326,,"Rijeka, Croatia",058.54,12.29,36.24,49.63,46.7,51.41,Europe
327,,"Amman, Jordan",058.47,14.58,37.3,49.55,55.56,41.83,Asia
328,,"Zagreb, Croatia",058.00,15.39,37.45,49.52,46.65,64.19,Europe
329,,"Lisbon, Portugal",057.69,29.33,44.01,47.02,50.14,58.48,Europe
330,,"Patras, Greece",057.35,9.41,34.23,46.44,53.51,64.63,Europe
331,,"Panama City, Panama",057.23,32.46,45.29,56.48,52.95,38.24,North America
332,,"Malaga, Spain",057.23,21.19,39.85,48.93,55.28,94.71,Europe
333,,"Campinas, Brazil",057.21,14.1,36.42,43.15,48.2,59.53,South America
334,,"Rio De Janeiro, Brazil",057.14,21.61,40,42.19,48.58,39.15,South America
335,,"Funchal, Portugal",057.00,17.91,38.15,47.03,44.3,52.72,Europe
336,,"Santiago, Chile",056.85,17.85,38.04,48.15,55.32,50.65,South America
337,,"Sao Paulo, Brazil",056.83,21.02,39.56,43.58,48.59,40.03,South America
338,,"Shanghai, China",056.16,41.95,49.3,61.7,40.74,66.16,Asia
339,,"Buenos Aires, Argentina",056.05,15.58,36.53,48.19,56.51,60.03,South America
340,,"Bangkok, Thailand",055.79,26.21,41.52,62.4,27.99,44.94,Asia
341,,"Makati, Philippines",055.54,26.91,41.73,59.97,28.91,46.37,Asia
342,,"Tartu, Estonia",055.49,14.44,35.69,42.41,55.7,75.23,Europe
343,,"Porto, Portugal",054.92,20.87,38.5,45.79,44.12,63.31,Europe
344,,"Riga, Latvia",054.87,15.23,35.75,42.56,51.15,53.77,Europe
345,,"Coimbra, Portugal",054.50,14.58,35.25,46.39,42.38,75.56,Europe
346,,"Granada, Spain",054.47,14.9,35.39,44.63,51.02,94.61,Europe
347,,"Vilnius, Lithuania",054.26,17.9,36.72,42.58,49.97,56.97,Europe
348,,"Porto Alegre, Brazil",053.88,14.79,35.03,42.32,42.19,46.35,South America
349,,"Brasilia, Brazil",053.84,16.73,35.94,44.65,47.74,49.33,South America
350,,"Prague, Czech Republic",053.84,25.06,39.96,47.04,40.31,77.13,Europe
351,,"Bratislava, Slovakia",053.64,22.87,38.8,46.54,44.37,72.75,Europe
352,,"Santa Cruz De Tenerife, Spain",053.34,18.05,36.32,44.56,53.88,93.75,Europe
353,,"Pretoria, South Africa",053.19,15.59,35.06,43.22,47.05,108.14,Africa
354,,"Phuket, Thailand",053.17,14.65,34.59,57.38,27.69,55.31,Asia
355,,"Las Palmas, Spain",052.71,20.09,36.98,44.95,51.06,84.11,Europe
356,,"Kaunas, Lithuania",052.56,12.38,33.19,41.09,45.84,57.97,Europe
357,,"Recife, Brazil",052.22,12.23,32.93,41.22,41.58,39.68,South America
358,,"Klaipeda, Lithuania",052.09,11.61,32.57,43.52,46.6,58.53,Europe
359,,"Fortaleza, Brazil",052.00,9.81,31.65,43.69,38.32,30.52,South America
360,,"Windhoek, Namibia",051.84,23.11,37.98,47.76,43.74,55.51,Africa
361,,"Moscow, Russia",051.82,34.1,43.27,40.9,56.03,59.58,Europe
362,,"Braga, Portugal",051.43,12.28,32.55,42.67,36.9,71.62,Europe
363,,"Kosice, Slovakia",051.36,16.16,34.38,44.97,33.36,61.62,Europe
364,,"Muscat, Oman",051.20,25.41,38.76,46.81,51.63,103.55,Asia
365,,"Budapest, Hungary",051.00,18.08,35.12,40.71,40.43,55.54,Europe
366,,"Jeddah (Jiddah), Saudi Arabia",051.00,14.41,33.35,43.21,34.15,113.18,Asia
367,,"Johor Bahru, Malaysia",050.98,11.96,32.16,63.42,25.08,42.93,Asia
368,,"Harare, Zimbabwe",050.74,14.24,33.14,45.45,36.15,26.86,Africa
369,,"Belo Horizonte, Brazil",050.41,12.56,32.15,37.82,41.12,35.32,South America
370,,"Florianopolis, Brazil",050.40,15.08,33.37,39.36,42.08,39.69,South America
371,,"Addis Ababa, Ethiopia",050.30,24.39,37.8,43.58,22.5,13.57,Africa
372,,"Brno, Czech Republic",050.29,19.26,35.32,44.77,34.98,73.86,Europe
373,,"San Salvador, El Salvador",050.29,12.78,32.2,51.28,37.29,28.62,North America
374,,"Al Khobar, Saudi Arabia",050.18,15.67,33.53,44.86,33.74,124.32,Asia
375,,"Johannesburg, South Africa",050.02,22.45,36.72,41.72,49.92,125.99,Africa
376,,"Petaling Jaya, Malaysia",049.80,12.34,31.73,58.94,23.68,68.75,Asia
377,,"Dar Es Salaam, Tanzania",049.66,24.56,37.55,34.82,33.56,18.87,Africa
378,,"Shenzhen, China",049.65,25.37,37.94,53.67,31.34,83.96,Asia
379,,"Penang, Malaysia",049.50,10.67,30.78,56.99,26.28,68.42,Asia
380,,"Guayaquil, Ecuador",049.49,13.57,32.17,44.21,36.59,36.14,South America
381,,"Curitiba, Brazil",049.43,12.63,31.68,37,41.47,46.26,South America
382,,"Phnom Penh, Cambodia",049.24,17.42,33.89,53.68,24.62,26.41,Asia
383,,"Santo Domingo, Dominican Republic",049.10,12.49,31.44,42.25,46.38,28.77,North America
384,,"Irbil, Iraq",049.08,13.91,32.12,41.62,43.07,49.2,Asia
385,,"Osijek, Croatia",049.04,8.14,29.32,40.85,36.36,58.44,Europe
386,,"Gdansk, Poland",049.01,17.8,33.96,36.86,40.96,72.77,Europe
387,,"Ad Dammam, Saudi Arabia",048.87,12.68,31.41,42.33,32.19,141.35,Asia
388,,"Quito, Ecuador",048.84,14.05,32.06,47.67,36.41,34.37,South America
389,,"Warsaw, Poland",048.31,22.5,35.86,38.53,42.2,77.31,Europe
390,,"Riyadh, Saudi Arabia",048.21,16.46,32.9,41.46,35.41,129.2,Asia
391,,"Chiang Mai, Thailand",047.92,12.1,30.65,60.54,22.68,31.68,Asia
392,,"Gdynia, Poland",047.86,14.6,31.82,38.15,43.91,72.98,Europe
393,,"Kota Kinabalu, Malaysia",047.75,10.48,29.78,56.27,23.67,37.17,Asia
394,,"Cape Town, South Africa",047.55,28.98,38.59,40.96,45.21,94.27,Africa
395,,"Pattaya, Thailand",047.24,18.59,33.42,50.38,29.61,29.96,Asia
396,,"Port Elizabeth, South Africa",047.09,13.95,31.11,40.21,41.53,64.08,Africa
397,,"Guatemala City, Guatemala",046.97,15.52,31.8,43.64,37.17,41.41,North America
398,,"Kuching, Malaysia",046.79,6.86,27.53,52.35,20.02,41.76,Asia
399,,"Jakarta, Indonesia",046.47,19.34,33.39,49.49,26.34,34.8,Asia
400,,"Saint Petersburg, Russia",046.41,20.17,33.75,38.12,47.73,56.75,Europe
401,,"Durban, South Africa",046.30,15.74,31.56,39.21,43.53,96.43,Africa
402,,"Kuala Lumpur, Malaysia",046.28,17.96,32.62,47.17,27.39,80.73,Asia
403,,"Wroclaw, Poland",046.27,19.64,33.43,38.06,39.12,74.19,Europe
404,,"Beijing, China",046.09,33.51,40.02,44.92,35.14,76.61,Asia
405,,"Baghdad, Iraq",046.05,14.76,30.96,40.35,42.03,52.05,Asia
406,,"Selangor, Malaysia",046.04,11.34,29.31,50.35,23.26,88.61,Asia
407,,"Olomouc, Czech Republic",045.99,13.01,30.08,43.34,31.6,79.5,Europe
408,,"Krakow (Cracow), Poland",045.79,18.18,32.48,36.66,38.32,73.59,Europe
409,,"Maputo, Mozambique",045.29,18.58,32.41,36.64,41.88,33.15,Africa
410,,"Poznan, Poland",045.27,15.45,30.89,37.57,37.54,74.63,Europe
411,,"Debrecen, Hungary",044.92,10.34,28.24,37.81,33.04,48.52,Europe
412,,"Bydgoszcz, Poland",044.91,15.1,30.53,35.24,37.73,66.01,Europe
413,,"Ostrava, Czech Republic",044.78,10.73,28.36,38.89,32.47,78.36,Europe
414,,"Istanbul, Turkey",044.73,14.35,30.08,39.35,33,54.57,Asia
415,,"Podgorica, Montenegro",044.68,11.1,28.48,35.64,37.75,51.8,Europe
416,,"Szczecin, Poland",044.61,12.73,29.23,35.91,34.7,60.33,Europe
417,,"Bucharest, Romania",044.38,14,29.73,36.6,40.58,58.75,Europe
418,,"Belgrade, Serbia",043.99,12.28,28.7,32.31,38.34,40.25,Europe
419,,"Lima, Peru",043.92,17.91,31.38,39.88,31.53,39.55,South America
420,,"Bali, Indonesia",043.73,8.12,26.56,49.07,25.29,29.2,Asia
421,,"Lodz, Poland",043.68,12.79,28.78,34.02,36.68,70.09,Europe
422,,"Guangzhou, China",043.50,20.93,32.61,44.04,27.37,79.47,Asia
423,,"Sofia, Bulgaria",043.11,12.96,28.57,37.06,34.44,60.66,Europe
424,,"Sarajevo, Bosnia And Herzegovina",042.50,10.13,26.89,35.37,31.5,48.89,Europe
425,,"Manila, Philippines",042.40,19.94,31.57,38.19,29.13,43.04,Asia
426,,"Lublin, Poland",042.33,18.04,30.62,34.52,34.11,57.02,Europe
427,,"Katowice, Poland",042.28,12.37,27.86,34.17,32.56,81.77,Europe
428,,"Varna, Bulgaria",042.26,8.71,26.08,37.66,34.85,48.43,Europe
429,,"Nairobi, Kenya",042.06,12.27,27.7,40.4,34.31,27.87,Africa
430,,"Yekaterinburg, Russia",042.05,12.4,27.75,37.86,36.08,52.61,Europe
431,,"Cebu, Philippines",041.81,11.84,27.36,43.31,24.71,26.16,Asia
432,,"Timisoara, Romania",041.62,10.78,26.75,34.26,36.97,59.09,Europe
433,,"Rabat, Morocco",041.62,13.47,28.04,37.31,27.57,45.29,Africa
434,,"Ho Chi Minh City, Vietnam",041.28,18.81,30.45,42.17,21.09,36.92,Asia
435,,"Ankara, Turkey",041.21,7.95,25.17,36.71,31.39,56.89,Asia
436,,"Izmir, Turkey",040.97,8.86,25.48,37.48,29.22,54.57,Asia
437,,"Burgas, Bulgaria",040.81,7.29,24.65,35.83,33.58,50.53,Europe
438,,"Cluj-Napoca, Romania",040.51,13.6,27.54,34.7,33.06,59.81,Europe
439,,"Plovdiv, Bulgaria",040.29,7.65,24.55,35.49,33.1,54.98,Europe
440,,"Bursa, Turkey",040.26,6.73,24.09,34.46,27.63,55.63,Asia
441,,"Yogyakarta, Indonesia",040.01,6.09,23.65,45.78,14.56,30.25,Asia
442,,"Hanoi, Vietnam",039.89,14.56,27.67,40.28,22.71,27.09,Asia
443,,"Novosibirsk, Russia",039.86,12.16,26.5,35.77,34.9,47.89,Europe
444,,"Banja Luka, Bosnia And Herzegovina",039.85,7.77,24.38,32.73,28.97,51.24,Europe
445,,"Nizhny Novgorod, Russia",039.83,11.38,26.11,35.11,37.77,40.34,Europe
446,,"Iasi, Romania",039.81,10.55,25.7,33.52,34.64,51.29,Europe
447,,"Suzhou, China",039.57,17.11,28.74,39.63,31.65,91.87,Asia
448,,"Kazan, Russia",039.53,12.81,26.64,33.82,43.81,51.14,Europe
449,,"Sibiu, Romania",039.50,8.46,24.53,32.76,33.38,54.27,Europe
450,,"Tirana, Albania",039.33,9.96,25.17,31.79,32.05,38.05,Europe
451,,"Chengdu, China",039.26,12.73,26.47,38.41,28.42,77.03,Asia
452,,"Surabaya, Indonesia",039.24,8.6,24.46,43.32,18.67,37.58,Asia
453,,"Rostov-na-donu, Russia",039.10,12.21,26.13,31.64,41.73,35.31,Europe
454,,"Bogota, Colombia",038.99,13.86,26.87,31.74,29.55,42.03,South America
455,,"Oradea, Romania",038.94,7.42,23.74,32.85,25.94,46.65,Europe
456,,"Novi Sad, Serbia",038.90,7.47,23.74,31.2,28.89,48.41,Europe
457,,"Casablanca, Morocco",038.81,16.45,28.02,33.78,28.81,47.32,Africa
458,,"Antalya, Turkey",038.77,7.18,23.53,33.47,29.4,54.45,Asia
459,,"Skopje, Macedonia",038.51,9.26,24.4,30.7,29.14,41.99,Europe
460,,"Monterrey, Mexico",038.45,11.52,25.46,35.16,38.06,84.22,North America
461,,"Cuenca, Ecuador",038.41,10.38,24.89,37.19,26.71,43.44,South America
462,,"Brasov, Romania",038.37,9.96,24.67,31.4,33.82,67.91,Europe
463,,"Ulaanbaatar, Mongolia",038.13,11.34,25.21,37.23,25.59,33.71,Asia
464,,"Medan, Indonesia",037.99,4.71,21.94,41.6,18.35,44.28,Asia
465,,"Tehran, Iran",037.80,19.93,29.18,34.45,30.9,43.28,Asia
466,,"Colombo, Sri Lanka",037.72,9.88,24.29,41.98,22.74,27.62,Asia
467,,"Bandung, Indonesia",037.68,6.05,22.42,43.19,17.12,33.9,Asia
468,,"Mexico City, Mexico",037.54,17.84,28.04,34.66,32.65,64.03,North America
469,,"Astana, Kazakhstan",037.51,14.88,26.6,32.67,38.79,40.49,Asia
470,,"Nis, Serbia",037.32,5.73,22.09,29.67,30.85,38.68,Europe
471,,"Kigali, Rwanda",037.18,11.85,24.96,31.27,27.33,28.22,Africa
472,,"Algiers, Algeria",037.13,8.61,23.38,38.43,22.86,33.38,Africa
473,,"Arad, Romania",036.47,9.22,23.33,30.52,28.55,60.77,Europe
474,,"Asuncion, Paraguay",036.16,10.71,23.88,30.88,27.65,34.68,South America
475,,"Santa Cruz, Bolivia",036.14,14.26,25.59,29.42,29.15,57.64,South America
476,,"Kathmandu, Nepal",036.06,5.83,21.48,33.22,21.92,23.73,Asia
477,,"Almaty, Kazakhstan",036.05,11.72,24.31,28.66,35.51,46.81,Asia
478,,"Medellin, Colombia",035.87,12.33,24.52,31.73,27.61,29.33,South America
479,,"Cancun, Mexico",035.58,9.8,23.15,29.93,35.3,61.69,North America
480,,"Minsk, Belarus",035.30,11.25,23.71,28.55,38.12,43.77,Europe
481,,"Gurgaon, India",034.90,10.96,23.36,32.59,30.88,110.97,Asia
482,,"Craiova, Romania",034.34,6.84,21.07,28.61,25.41,58.56,Europe
483,,"Guadalajara, Mexico",034.19,10.12,22.58,33.15,30.82,71.87,North America
484,,"Tijuana, Mexico",034.13,10.81,22.88,32.67,32.65,45.26,North America
485,,"Yerevan, Armenia",034.12,9.37,22.18,27.73,31.77,32.52,Asia
486,,"Kampala, Uganda",034.09,7.59,21.31,28.02,26.64,23.36,Africa
487,,"Chisinau, Moldova",034.06,9.35,22.14,27.64,25.5,31.39,Europe
488,,"Quezon City, Philippines",033.93,7.79,21.33,29.54,19.44,29.57,Asia
489,,"Hermosillo, Mexico",033.86,7.29,21.05,30.3,29.75,77.33,North America
490,,"Davao, Philippines",033.67,6.84,20.73,32.75,16.83,28.86,Asia
491,,"Dhaka, Bangladesh",033.64,6.83,20.71,31.89,23.54,37.72,Asia
492,,"Caracas, Venezuela",033.64,9.63,22.06,35.03,30.79,3.72,South America
493,,"Queretaro, Mexico",033.51,9.52,21.94,33.17,27.96,63.18,North America
494,,"Merida, Mexico",033.18,7.58,20.83,32.01,26.75,37.23,North America
495,,"Cali, Colombia",033.04,7.44,20.69,28.79,23.76,39.71,South America
496,,"Puerto Vallarta, Mexico",032.70,11.52,22.48,32.27,31.03,62.36,North America
497,,"Puebla, Mexico",032.65,7.22,20.38,28.36,27.84,45.28,North America
498,,"Mumbai, India",032.59,22.72,27.83,32.94,26.68,73.49,Asia
499,,"Noida, India",032.37,6.56,19.92,33.12,24.04,95.95,Asia
500,,"Delhi, India",032.14,9.74,21.34,30.67,27.54,78.33,Asia
501,,"Baku, Azerbaijan",031.31,9.65,20.86,27.9,32.31,29.19,Asia
502,,"Valenzuela, Philippines",031.23,3.82,18.01,32.44,12.95,31.9,Asia
503,,"Islamabad, Pakistan",030.83,8.79,20.2,28.5,23.5,43.2,Asia
504,,"Bangalore, India",030.34,9.76,20.41,31.47,20.23,100.26,Asia
505,,"Tunis, Tunisia",030.06,7.39,19.13,29.49,18.19,34.32,Africa
506,,"Thane, India",029.82,9.3,19.92,31.07,21.18,70.55,Asia
507,,"Odesa, Ukraine",029.79,10.23,20.36,22.29,24.04,27.73,Europe
508,,"Tbilisi, Georgia",029.73,10.6,20.5,24.65,29.18,35.61,Asia
509,,"Pune, India",029.66,7.95,19.19,30.75,21.4,99.44,Asia
510,,"Lahore, Pakistan",029.53,6.67,18.5,26.83,26.39,51.44,Asia
511,,"Pristina, Kosovo (Disputed Territory)",029.25,9.38,19.67,25.97,22.78,64.57,Europe
512,,"Chandigarh, India",029.04,6.47,18.15,29.4,20.18,68.83,Asia
513,,"Ahmedabad, India",028.67,6.24,17.85,31.42,20.13,73.59,Asia
514,,"Surat, India",028.66,4.69,17.1,31.97,19.84,57.84,Asia
515,,"Chennai, India",028.42,7.12,18.14,31.17,18.26,72.34,Asia
516,,"Goa, India",028.30,8.27,18.64,29.8,22.96,54.55,Asia
517,,"Indore, India",028.06,4.66,16.78,27.74,17.77,50.42,Asia
518,,"Kolkata, India",027.99,7.77,18.24,28.53,23.18,56.3,Asia
519,,"Lucknow (Lakhnau), India",027.55,4.9,16.62,27.25,18.76,76.1,Asia
520,,"Kiev, Ukraine",027.52,12.43,20.24,21.96,22.01,37.48,Europe
521,,"Jaipur, India",027.11,5.19,16.54,27.65,18.48,76.5,Asia
522,,"Karachi, Pakistan",027.10,7.46,17.63,25.6,21.62,39.06,Asia
523,,"Hyderabad, India",026.92,6.89,17.26,27.6,18.93,80.9,Asia
524,,"Cairo, Egypt",026.49,5.43,16.33,23.23,22.55,25.27,Africa
525,,"Dnipropetrovsk, Ukraine",026.39,6.63,16.86,20.46,22.74,31.06,Europe
526,,"Nagpur, India",026.23,4.96,15.97,26.55,18.73,95.19,Asia
527,,"Bhopal, India",026.07,4.13,15.49,22.49,16.21,66.21,Asia
528,,"Vadodara, India",025.59,4.01,15.18,27.85,16.02,80.63,Asia
529,,"Mangalore, India",025.46,5.7,15.93,26.85,16.04,94.53,Asia
530,,"Lviv, Ukraine",025.31,8.1,17.01,20.5,17.88,26.88,Europe
531,,"Mysore, India",025.20,4.01,14.98,29.39,13.31,42.49,Asia
532,,"Bhubaneswar, India",024.89,4.68,15.14,28.22,14.91,57.56,Asia
533,,"Kharkiv, Ukraine",024.85,8.29,16.87,19.26,18.44,27.19,Europe
534,,"Visakhapatnam, India",024.66,4.85,15.11,25.83,18.07,63.97,Asia
535,,"Kochi, India",024.65,6.31,15.8,26.93,13.94,77.7,Asia
536,,"Coimbatore, India",024.61,5.35,15.32,25.23,15.21,53.23,Asia
537,,"Alexandria, Egypt",023.78,4.34,14.4,23.19,17.66,23.75,Africa
538,,"Navi Mumbai, India",023.44,6.25,15.15,24.02,14.14,111.99,Asia
539,,"Thiruvananthapuram, India",020.86,5.1,13.26,21.98,12.06,66.25,Asia
